{"stats":{"minecraft:killed_by":{"minecraft:player":3},"minecraft:picked_up":{"minecraft:dirt":8},"minecraft:mined":{"minecraft:powder_snow":2,"minecraft:dirt":10},"minecraft:custom":{"minecraft:jump":114,"minecraft:time_since_rest":168,"minecraft:leave_game":1,"minecraft:crouch_one_cm":1182,"minecraft:deaths":3,"minecraft:sprint_one_cm":6290,"minecraft:play_time":3234,"minecraft:damage_taken":820,"minecraft:time_since_death":134,"minecraft:walk_one_cm":2416,"minecraft:sneak_time":368,"minecraft:total_world_time":3234,"minecraft:fall_one_cm":2554,"minecraft:fly_one_cm":29152}},"DataVersion":3953}