{"stats":{"minecraft:killed_by":{"minecraft:zombie":1},"minecraft:dropped":{"minecraft:gunpowder":1,"minecraft:glow_ink_sac":2,"minecraft:jungle_stairs":64,"minecraft:rotten_flesh":6,"minecraft:jungle_planks":1,"minecraft:leather":4,"minecraft:bow":1,"minecraft:arrow":1,"minecraft:bone":2},"minecraft:used":{"minecraft:oak_log":1,"minecraft:stone_pickaxe":16,"minecraft:wooden_pickaxe":4,"minecraft:stone_axe":4,"minecraft:mutton":1,"minecraft:bow":43,"minecraft:crafting_table":1,"minecraft:jungle_planks":77,"minecraft:acacia_planks":6},"minecraft:mined":{"minecraft:crafting_table":1,"minecraft:short_grass":4,"minecraft:acacia_log":7,"minecraft:grass_block":4,"minecraft:oak_log":2,"minecraft:dirt":15,"minecraft:stone":19},"minecraft:killed":{"minecraft:sheep":1,"minecraft:skeleton":4,"minecraft:zombie":4,"minecraft:chicken":4,"minecraft:llama":1,"minecraft:creeper":2},"minecraft:custom":{"minecraft:time_since_rest":8977,"minecraft:sprint_one_cm":14508,"minecraft:damage_taken":685,"minecraft:walk_one_cm":20391,"minecraft:mob_kills":17,"minecraft:drop":18,"minecraft:damage_dealt":1008,"minecraft:interact_with_crafting_table":3,"minecraft:fly_one_cm":201090,"minecraft:crouch_one_cm":4431,"minecraft:play_time":78474,"minecraft:deaths":2,"minecraft:sneak_time":5084,"minecraft:walk_under_water_one_cm":54,"minecraft:jump":576,"minecraft:leave_game":17,"minecraft:walk_on_water_one_cm":407,"minecraft:time_since_death":8896,"minecraft:climb_one_cm":1008,"minecraft:total_world_time":78474,"minecraft:fall_one_cm":12681},"minecraft:crafted":{"minecraft:crafting_table":1,"minecraft:stick":8,"minecraft:wooden_pickaxe":1,"minecraft:stone_pickaxe":1,"minecraft:acacia_planks":28,"minecraft:stone_axe":1},"minecraft:picked_up":{"minecraft:crafting_table":1,"minecraft:glow_ink_sac":2,"minecraft:leather":4,"minecraft:acacia_log":7,"minecraft:oak_log":2,"minecraft:gunpowder":1,"minecraft:dirt":19,"minecraft:arrow":1,"minecraft:bone":2,"minecraft:rotten_flesh":6,"minecraft:bow":1,"minecraft:mutton":1,"minecraft:white_wool":1,"minecraft:cobblestone":19}},"DataVersion":3953}