{"stats":{"minecraft:crafted":{"minecraft:crafting_table":1,"minecraft:spruce_planks":56,"minecraft:stick":4,"minecraft:wooden_pickaxe":1},"minecraft:used":{"minecraft:dirt":12,"minecraft:crafting_table":1,"minecraft:netherite_axe":51,"minecraft:spruce_planks":1,"minecraft:wooden_pickaxe":1,"minecraft:obsidian":2},"minecraft:picked_up":{"minecraft:spruce_log":14,"minecraft:dirt":12},"minecraft:mined":{"minecraft:dirt":9,"minecraft:ice":18,"minecraft:spruce_leaves":3,"minecraft:spruce_log":17},"minecraft:custom":{"minecraft:time_since_rest":7946,"minecraft:open_chest":1,"minecraft:crouch_one_cm":3650,"minecraft:play_time":7946,"minecraft:sprint_one_cm":13680,"minecraft:damage_taken":20,"minecraft:walk_one_cm":12399,"minecraft:sneak_time":1461,"minecraft:walk_under_water_one_cm":1198,"minecraft:jump":197,"minecraft:leave_game":1,"minecraft:damage_dealt":662,"minecraft:time_since_death":7946,"minecraft:walk_on_water_one_cm":202,"minecraft:total_world_time":7946,"minecraft:swim_one_cm":2023,"minecraft:player_kills":3,"minecraft:interact_with_crafting_table":1,"minecraft:fall_one_cm":4515,"minecraft:fly_one_cm":124676}},"DataVersion":3953}