{"stats":{"minecraft:killed_by":{"minecraft:zombie":1},"minecraft:dropped":{"minecraft:gunpowder":1,"minecraft:glow_ink_sac":2,"minecraft:jungle_stairs":64,"minecraft:rotten_flesh":6,"minecraft:leather":4,"minecraft:bow":1,"minecraft:jungle_planks":1,"minecraft:arrow":1,"minecraft:bone":2},"minecraft:used":{"minecraft:oak_log":1,"minecraft:bow":43,"minecraft:jungle_planks":77},"minecraft:mined":{"minecraft:short_grass":1,"minecraft:acacia_log":3,"minecraft:grass_block":1,"minecraft:oak_log":2,"minecraft:dirt":2},"minecraft:killed":{"minecraft:skeleton":4,"minecraft:zombie":4,"minecraft:chicken":4,"minecraft:llama":1,"minecraft:creeper":2},"minecraft:custom":{"minecraft:time_since_rest":56603,"minecraft:sprint_one_cm":7616,"minecraft:damage_taken":346,"minecraft:walk_one_cm":13406,"minecraft:mob_kills":16,"minecraft:drop":18,"minecraft:damage_dealt":857,"minecraft:fly_one_cm":175316,"minecraft:crouch_one_cm":2025,"minecraft:play_time":57619,"minecraft:deaths":1,"minecraft:sneak_time":4541,"minecraft:walk_under_water_one_cm":54,"minecraft:jump":408,"minecraft:leave_game":12,"minecraft:time_since_death":56293,"minecraft:walk_on_water_one_cm":407,"minecraft:climb_one_cm":1008,"minecraft:total_world_time":57619,"minecraft:fall_one_cm":3035},"minecraft:picked_up":{"minecraft:glow_ink_sac":2,"minecraft:leather":4,"minecraft:acacia_log":3,"minecraft:oak_log":2,"minecraft:gunpowder":1,"minecraft:dirt":3,"minecraft:arrow":1,"minecraft:bone":2,"minecraft:rotten_flesh":6,"minecraft:bow":1}},"DataVersion":3953}