{"stats":{"minecraft:mined":{"minecraft:short_grass":1,"minecraft:grass_block":1,"minecraft:oak_log":2,"minecraft:dirt":2},"minecraft:picked_up":{"minecraft:oak_log":2,"minecraft:dirt":3},"minecraft:killed_by":{"minecraft:zombie":1},"minecraft:custom":{"minecraft:time_since_rest":13065,"minecraft:damage_taken":326,"minecraft:crouch_one_cm":477,"minecraft:play_time":14081,"minecraft:sprint_one_cm":3260,"minecraft:deaths":1,"minecraft:walk_one_cm":2417,"minecraft:sneak_time":714,"minecraft:jump":126,"minecraft:damage_dealt":91,"minecraft:leave_game":3,"minecraft:time_since_death":12755,"minecraft:climb_one_cm":435,"minecraft:total_world_time":14081,"minecraft:fall_one_cm":2551,"minecraft:fly_one_cm":37589},"minecraft:used":{"minecraft:oak_log":1,"minecraft:jungle_planks":1}},"DataVersion":3953}