{"stats":{"minecraft:picked_up":{"minecraft:oak_log":2,"minecraft:dirt":3},"minecraft:used":{"minecraft:oak_log":1},"minecraft:custom":{"minecraft:jump":52,"minecraft:time_since_rest":1675,"minecraft:damage_dealt":91,"minecraft:sprint_one_cm":2085,"minecraft:play_time":2691,"minecraft:damage_taken":326,"minecraft:time_since_death":1365,"minecraft:walk_one_cm":1643,"minecraft:sneak_time":24,"minecraft:total_world_time":2691,"minecraft:fall_one_cm":2551,"minecraft:fly_one_cm":21057,"minecraft:leave_game":1,"minecraft:deaths":1},"minecraft:mined":{"minecraft:short_grass":1,"minecraft:grass_block":1,"minecraft:oak_log":2,"minecraft:dirt":2},"minecraft:killed_by":{"minecraft:zombie":1}},"DataVersion":3953}