{"stats":{"minecraft:mined":{"minecraft:short_grass":1,"minecraft:grass_block":1,"minecraft:oak_log":2,"minecraft:dirt":2},"minecraft:picked_up":{"minecraft:oak_log":2,"minecraft:dirt":3},"minecraft:killed_by":{"minecraft:zombie":1},"minecraft:custom":{"minecraft:time_since_rest":42762,"minecraft:damage_taken":326,"minecraft:crouch_one_cm":477,"minecraft:play_time":43778,"minecraft:sprint_one_cm":3260,"minecraft:deaths":1,"minecraft:walk_one_cm":3378,"minecraft:sneak_time":714,"minecraft:jump":197,"minecraft:damage_dealt":91,"minecraft:leave_game":4,"minecraft:time_since_death":42452,"minecraft:climb_one_cm":435,"minecraft:total_world_time":43778,"minecraft:fall_one_cm":2551,"minecraft:fly_one_cm":38281},"minecraft:used":{"minecraft:oak_log":1,"minecraft:jungle_planks":77}},"DataVersion":3953}