{
  "minecraft:recipes/decorations/crafting_table": {
    "criteria": {
      "unlock_right_away": "2024-08-01 19:48:13 +0000"
    },
    "done": true
  },
  "minecraft:adventure/root": {
    "criteria": {
      "killed_by_something": "2024-08-01 19:48:57 +0000"
    },
    "done": true
  },
  "minecraft:adventure/adventuring_time": {
    "criteria": {
      "minecraft:snowy_slopes": "2024-08-01 19:48:14 +0000",
      "minecraft:stony_shore": "2024-08-01 19:48:37 +0000",
      "minecraft:snowy_plains": "2024-08-01 19:48:32 +0000"
    },
    "done": false
  },
  "DataVersion": 3953
}